{"cameraMode":{"drawMode":0,"name":"Shaded","section":"Shading Mode"},"sceneLighting":false,"audioPlay":false,"sceneViewState":{"m_AlwaysRefresh":false,"showFog":true,"showSkybox":false,"showFlares":true,"showImageEffects":true,"showParticleSystems":true,"showVisualEffectGraphs":true,"m_FxEnabled":true},"in2DMode":false,"pivot":{"x":-16.15962791442871,"y":1.6648926734924317,"z":-8.041141510009766},"rotation":{"x":-0.0014346687821671367,"y":0.9899757504463196,"z":-0.14083239436149598,"w":-0.01009785570204258},"size":3.1644973754882814,"orthographic":false}